YEAR,ECONOMIC_SECTOR,RISK_COUNTRY,MEAN_WEIGHTED_INTENSITY,MED_WEIGHTED_INTENSITY,TOTAL_HOLDINGS,TOTAL_HOLDINGS(USD),SECTOR_CSPP_HOLDINGS,SECTOR_ELIGIBLE_CSPP_UNIVERSE,COUNTRY_CSPP_HOLDINGS,COUNTRY_ELIGIBLE_CSPP_UNIVERSE,WEIGHTS,SUM_WEIGHTS,MEAN_WACI,MEDIAN_WACI
2017,Automotive and parts,Germany,10601.77,10601.77,114630.2857142857,120362,0.1,0.1,0.25,0.25,0.025,0.6587,402.3747533019585,402.3747533019585
2017,Beverages,Belgium,61.3590091702165,61.3590091702165,114630.2857142857,120362,0.05,0.04,0.05,0.05,0.002500000000000001,0.6587,0.23287919071738475,0.23287919071738475
2017,Beverages,Germany,914.1634044220538,7.803178838574396,114630.2857142857,120362,0.05,0.04,0.25,0.25,0.0125,0.6587,17.347870890049602,0.14807914905447087
2017,Beverages,Italy,143.18467596547268,143.18467596547268,114630.2857142857,120362,0.05,0.04,0.11,0.12,0.0055000000000000005,0.6587,1.1955605249887655,1.1955605249887655
2017,Beverages,Netherlands,61.3590091702165,61.3590091702165,114630.2857142857,120362,0.05,0.04,0.06,0.05,0.003,0.6587,0.27945502886086154,0.27945502886086154
2017,Beverages,Spain,42.7,42.7,114630.2857142857,120362,0.05,0.04,0.11,0.1,0.0055000000000000005,0.6587,0.35653560042507976,0.35653560042507976
2017,Chemicals,Belgium,1063.9729131279794,1063.9729131279794,114630.2857142857,120362,0.05,0.04,0.05,0.05,0.002500000000000001,0.6587,4.038154368938743,4.038154368938743
2017,Chemicals,France,22.663350669177937,22.663350669177937,114630.2857142857,120362,0.05,0.04,0.29,0.31,0.014499999999999999,0.6587,0.49888960786865055,0.49888960786865055
2017,Chemicals,Germany,7989.891333184751,10601.77,114630.2857142857,120362,0.05,0.04,0.25,0.25,0.0125,0.6587,151.62234957463093,201.18737665097925
2017,Construction & Materials,France,256.8264305914889,132.83752489312982,114630.2857142857,120362,0.06,0.05,0.29,0.31,0.0174,0.6587,6.784241524657516,3.5089918523462256
2017,Construction & Materials,Italy,17.85284299239315,17.85284299239315,114630.2857142857,120362,0.06,0.05,0.11,0.12,0.0066,0.6587,0.1788807708361846,0.1788807708361846
2017,Construction & Materials,Other (euro area),53.27,53.27,114630.2857142857,120362,0.06,0.05,0.06,0.06,0.0036,0.6587,0.2911370882040383,0.2911370882040383
2017,Energy and basic resources,Belgium,82.93947983842392,82.93947983842392,114630.2857142857,120362,0.07,0.08,0.05,0.05,0.0035000000000000005,0.6587,0.44069861763243323,0.44069861763243323
2017,Energy and basic resources,France,445.40088159652817,445.40088159652817,114630.2857142857,120362,0.07,0.08,0.29,0.31,0.020300000000000002,0.6587,13.726488380764419,13.726488380764419
2017,Energy and basic resources,Germany,392.6229121499512,316.8833481848309,114630.2857142857,120362,0.07,0.08,0.25,0.25,0.0175,0.6587,10.43100191684249,8.418792459745774
2017,Energy and basic resources,Italy,533.5005628275999,533.5005628275999,114630.2857142857,120362,0.07,0.08,0.11,0.12,0.007700000000000001,0.6587,6.23645716376578,6.23645716376578
2017,Energy and basic resources,Netherlands,159.18770740312962,71.99045678418202,114630.2857142857,120362,0.07,0.08,0.06,0.05,0.004200000000000001,0.6587,1.0150119494354708,0.459025229229641
2017,Energy and basic resources,Other (euro area),463.0640472853792,494.768105748698,114630.2857142857,120362,0.07,0.08,0.06,0.06,0.004200000000000001,0.6587,2.9525869114901977,3.1547381875581175
2017,Energy and basic resources,Spain,689.6800000000001,689.6800000000001,114630.2857142857,120362,0.07,0.08,0.11,0.1,0.007700000000000001,0.6587,8.062146652497347,8.062146652497347
2017,Food,France,48.03818282909185,52.35046751807881,114630.2857142857,120362,0.04,0.03,0.29,0.31,0.011599999999999997,0.6587,0.8459737677508204,0.9219150192951481
2017,Food,Germany,18.468083634434798,17.23711674333077,114630.2857142857,120362,0.04,0.03,0.25,0.25,0.01,0.6587,0.28037169628715347,0.2616838734375401
2017,Food,Netherlands,91.39576298307712,30.79973409710193,114630.2857142857,120362,0.04,0.03,0.06,0.05,0.0024,0.6587,0.33300414628720976,0.11222007261734421
2017,Infrastructure and transportation,France,2913.943662372182,356.39,114630.2857142857,120362,0.12,0.14,0.29,0.31,0.0348,0.6587,153.94753218544398,18.82855928343707
2017,Infrastructure and transportation,Germany,184.5158663680151,94.70502594757193,114630.2857142857,120362,0.12,0.14,0.25,0.25,0.03,0.6587,8.403637454137625,4.3132697410462395
2017,Infrastructure and transportation,Italy,154.95316679658654,31.91694500878069,114630.2857142857,120362,0.12,0.14,0.11,0.12,0.0132,0.6587,3.1051795987778084,0.6395987158280023
2017,Infrastructure and transportation,Netherlands,195.37510221898873,356.39,114630.2857142857,120362,0.12,0.14,0.06,0.05,0.0072,0.6587,2.1355711795608303,3.8955639896766354
2017,Infrastructure and transportation,Other (euro area),356.39,356.39,114630.2857142857,120362,0.12,0.14,0.06,0.06,0.0072,0.6587,3.8955639896766354,3.8955639896766354
2017,Infrastructure and transportation,Spain,84.1249780955385,84.1249780955385,114630.2857142857,120362,0.12,0.14,0.11,0.1,0.0132,0.6587,1.685820116686061,1.685820116686061
2017,Insurance,France,0.9714609855907835,0.9714609855907835,114630.2857142857,120362,0.03,0.03,0.29,0.31,0.0087,0.6587,0.012830895057901649,0.012830895057901649
2017,Insurance,Germany,150.84,150.84,114630.2857142857,120362,0.03,0.03,0.25,0.25,0.0075,0.6587,1.717473812054046,1.717473812054046
2017,Insurance,Italy,50.8525837755438,0.8588756633157039,114630.2857142857,120362,0.03,0.03,0.11,0.12,0.0033,0.6587,0.25476472819082213,0.004302853634343135
2017,Insurance,Netherlands,5615.016681557963,10696.432052578431,114630.2857142857,120362,0.03,0.03,0.06,0.05,0.0018,0.6587,15.343904701388087,29.22966099080185
2017,Insurance,Other (euro area),150.83999999999997,150.83999999999997,114630.2857142857,120362,0.03,0.03,0.06,0.06,0.0018,0.6587,0.4121937148929709,0.4121937148929709
2017,Insurance,Spain,2.10892137439707,2.10892137439707,114630.2857142857,120362,0.03,0.03,0.11,0.1,0.0033,0.6587,0.01056541754290319,0.01056541754290319
2017,Other sectors,Belgium,42.7,42.7,114630.2857142857,120362,0.08,0.08,0.05,0.05,0.004,0.6587,0.2592986184909671,0.2592986184909671
2017,Other sectors,France,5840.101897784846,150.84,114630.2857142857,120362,0.08,0.08,0.29,0.31,0.023199999999999995,0.6587,205.69358437620832,5.312718991953848
2017,Other sectors,Germany,2024.1793700802727,150.84,114630.2857142857,120362,0.08,0.08,0.25,0.25,0.02,0.6587,61.45982602338767,4.579930165477456
2017,Other sectors,Italy,1414.353765994308,150.84,114630.2857142857,120362,0.08,0.08,0.11,0.12,0.0088,0.6587,18.895268165705044,2.015169272810081
2017,Other sectors,Netherlands,26498.233608638027,2774.259943576906,114630.2857142857,120362,0.08,0.08,0.06,0.05,0.0048,0.6587,193.09476441697666,20.21625585117527
2017,Other sectors,Other (euro area),116546.39512174817,150.84000000000003,114630.2857142857,120362,0.08,0.08,0.06,0.06,0.0048,0.6587,849.2829764451058,1.0991832397145895
2017,Other sectors,Other (non-euro area),38.90393520024736,38.90393520024736,114630.2857142857,120362,0.08,0.08,0.03,0.04,0.0024,0.6587,0.14174805598997064,0.14174805598997064
2017,Other sectors,Spain,5047.8773556239,3118.1049069373944,114630.2857142857,120362,0.08,0.08,0.11,0.1,0.0088,0.6587,67.43786356382319,41.65678333239574
2017,Real estate,Belgium,1.0525253883919565,1.0525253883919565,114630.2857142857,120362,0.06,0.06,0.05,0.05,0.003,0.6587,0.0047936483454924395,0.0047936483454924395
2017,Real estate,France,2957.5562604980305,86.6,114630.2857142857,120362,0.06,0.06,0.29,0.31,0.0174,0.6587,78.12582197155872,2.2875967815393956
2017,Real estate,Germany,12.033032358307878,0.28467233309483925,114630.2857142857,120362,0.06,0.06,0.25,0.25,0.015,0.6587,0.27401774005559154,0.006482594498895687
2017,Real estate,Italy,86.6,86.6,114630.2857142857,120362,0.06,0.06,0.11,0.12,0.0066,0.6587,0.8677091240321846,0.8677091240321846
2017,Real estate,Netherlands,86.60000000000001,86.60000000000001,114630.2857142857,120362,0.06,0.06,0.06,0.05,0.0036,0.6587,0.4732958858357372,0.4732958858357372
2017,Real estate,Other (euro area),110.51824071715643,86.6,114630.2857142857,120362,0.06,0.06,0.06,0.06,0.0036,0.6587,0.6040164970119374,0.47329588583573706
2017,Telecommunication,France,28.83804685565075,29.894043450524908,114630.2857142857,120362,0.09,0.08,0.29,0.31,0.026099999999999998,0.6587,1.1426643736640119,1.184506655622742
2017,Telecommunication,Germany,28.920000000000005,28.920000000000005,114630.2857142857,120362,0.09,0.08,0.25,0.25,0.0225,0.6587,0.9878548656444514,0.9878548656444514
2017,Telecommunication,Italy,28.919999999999998,28.919999999999998,114630.2857142857,120362,0.09,0.08,0.11,0.12,0.009899999999999999,0.6587,0.4346561408835585,0.4346561408835585
2017,Telecommunication,Netherlands,4.212834326843905,4.212834326843905,114630.2857142857,120362,0.09,0.08,0.06,0.05,0.005399999999999999,0.6587,0.034536671269101385,0.034536671269101385
2017,Telecommunication,Other (euro area),29.04015991189129,40.571521945808904,114630.2857142857,120362,0.09,0.08,0.06,0.06,0.005399999999999999,0.6587,0.23807023458966595,0.33260394490263867
2017,Utilities,Belgium,2909.1700000000005,2909.17,114630.2857142857,120362,0.16,0.17,0.05,0.05,0.008,0.6587,35.332260513131935,35.33226051313193
2017,Utilities,France,3314.980413651729,1842.2227538494094,114630.2857142857,120362,0.16,0.17,0.29,0.31,0.04639999999999999,0.6587,233.51311855691546,129.7694485784311
2017,Utilities,Germany,1359.7689672660492,230.71292794029858,114630.2857142857,120362,0.16,0.17,0.25,0.25,0.04,0.6587,82.5728839997601,14.010197536984885
2017,Utilities,Italy,537.9076548472542,512.5882702353291,114630.2857142857,120362,0.16,0.17,0.11,0.12,0.0176,0.6587,14.37251362579577,13.695997504390153
2017,Utilities,Netherlands,11495.173230115322,2909.17,114630.2857142857,120362,0.16,0.17,0.06,0.05,0.0096,0.6587,167.53250798407026,42.39871261575831
2017,Utilities,Other (euro area),2460.5331133161194,2909.17,114630.2857142857,120362,0.16,0.17,0.06,0.06,0.0096,0.6587,35.860206297001284,42.39871261575831
2018,Automotive and parts,Germany,10601.77,10601.77,160838.5,168880,0.09,0.1,0.25,0.25,0.0225,0.6909,345.2595527572731,345.2595527572731
2018,Beverages,Belgium,61.3590091702165,61.3590091702165,160838.5,168880,0.055,0.04,0.05,0.05,0.0027500000000000003,0.6909,0.2442282171343109,0.2442282171343109
2018,Beverages,France,30.740702384941063,30.740702384941063,160838.5,168880,0.055,0.04,0.3,0.31,0.0165,0.6909,0.7341461707215626,0.7341461707215626
2018,Beverages,Germany,308.53099562203295,7.803178838574396,160838.5,168880,0.055,0.04,0.25,0.25,0.01375,0.6909,6.1402535675249,0.15529556959096533
2018,Beverages,Italy,143.18467596547268,143.18467596547268,160838.5,168880,0.055,0.04,0.12,0.115,0.0066,0.6909,1.367808454728788,1.367808454728788
2018,Beverages,Netherlands,61.359009170216495,61.3590091702165,160838.5,168880,0.055,0.04,0.06,0.055,0.0033,0.6909,0.293073860561173,0.29307386056117307
2018,Beverages,Spain,42.7,42.7,160838.5,168880,0.055,0.04,0.1,0.09,0.0055000000000000005,0.6909,0.3399189463019251,0.3399189463019251
2018,Chemicals,Belgium,1063.9729131279794,1063.9729131279794,160838.5,168880,0.045,0.04,0.05,0.05,0.00225,0.6909,3.464957381007314,3.464957381007314
2018,Chemicals,France,22.663350669177937,22.663350669177937,160838.5,168880,0.045,0.04,0.3,0.31,0.0135,0.6909,0.442835770782895,0.442835770782895
2018,Chemicals,Germany,8721.030686015702,10601.77,160838.5,168880,0.045,0.04,0.25,0.25,0.01125,0.6909,142.0054931504945,172.62977637863656
2018,Construction & Materials,France,264.86777234273154,132.83752489312982,160838.5,168880,0.06,0.05,0.3,0.31,0.018,0.6909,6.900593287261786,3.460812632908289
2018,Construction & Materials,Germany,86.6271775586314,86.6271775586314,160838.5,168880,0.06,0.05,0.25,0.25,0.015,0.6909,1.8807463647119278,1.8807463647119278
2018,Construction & Materials,Italy,17.85284299239315,17.85284299239315,160838.5,168880,0.06,0.05,0.12,0.115,0.0072,0.6909,0.1860478644452608,0.1860478644452608
2018,Construction & Materials,Other (euro area),53.27,53.27,160838.5,168880,0.06,0.05,0.06,0.065,0.0036,0.6909,0.2775683890577508,0.2775683890577508
2018,Energy and basic resources,Belgium,82.93947983842392,82.93947983842392,160838.5,168880,0.06,0.07,0.05,0.05,0.003,0.6909,0.36013669057066405,0.36013669057066405
2018,Energy and basic resources,France,445.40088159652817,445.40088159652817,160838.5,168880,0.06,0.07,0.3,0.31,0.018,0.6909,11.604017757616887,11.604017757616887
2018,Energy and basic resources,Germany,375.12050947300463,316.8833481848309,160838.5,168880,0.06,0.07,0.25,0.25,0.015,0.6909,8.14417085264882,6.879794793417952
2018,Energy and basic resources,Italy,533.5005628275999,533.5005628275999,160838.5,168880,0.06,0.07,0.12,0.115,0.0072,0.6909,5.559710598290229,5.559710598290229
2018,Energy and basic resources,Netherlands,149.46233773276765,71.99045678418202,160838.5,168880,0.06,0.07,0.06,0.055,0.0036,0.6909,0.7787876911824627,0.3751131052584386
2018,Energy and basic resources,Other (euro area),466.3308180510525,494.768105748698,160838.5,168880,0.06,0.07,0.06,0.065,0.0036,0.6909,2.429860971173526,2.5780361567452785
2018,Energy and basic resources,Spain,689.6800000000001,689.6800000000001,160838.5,168880,0.06,0.07,0.1,0.09,0.006,0.6909,5.989405123751629,5.989405123751629
2018,Food,France,47.84905973405727,52.35046751807881,160838.5,168880,0.04,0.03,0.3,0.31,0.012,0.6909,0.831073551611937,0.9092569260630277
2018,Food,Germany,18.277666287473632,17.23711674333077,160838.5,168880,0.04,0.03,0.25,0.25,0.01,0.6909,0.264548650853577,0.2494878671780398
2018,Food,Netherlands,99.3181742938764,30.79973409710193,160838.5,168880,0.04,0.03,0.06,0.055,0.0024,0.6909,0.34500451339601007,0.10698995778411438
2018,Infrastructure and transportation,France,2642.021886678204,356.39,160838.5,168880,0.11,0.13,0.3,0.31,0.033,0.6909,126.19296896856382,17.022535822839775
2018,Infrastructure and transportation,Germany,176.0567921127283,94.70502594757193,160838.5,168880,0.11,0.13,0.25,0.25,0.0275,0.6909,7.007615838905816,3.7695588559244873
2018,Infrastructure and transportation,Italy,154.49018756246562,31.91694500878069,160838.5,168880,0.11,0.13,0.12,0.115,0.0132,0.6909,2.9516145257266553,0.6097896571369302
2018,Infrastructure and transportation,Netherlands,202.73547625836093,356.39,160838.5,168880,0.11,0.13,0.06,0.055,0.0066,0.6909,1.9366827953469132,3.4045071645679545
2018,Infrastructure and transportation,Other (euro area),356.39000000000004,356.39000000000004,160838.5,168880,0.11,0.13,0.06,0.065,0.0066,0.6909,3.4045071645679554,3.4045071645679554
2018,Infrastructure and transportation,Spain,84.12497809553851,84.1249780955385,160838.5,168880,0.11,0.13,0.1,0.09,0.011000000000000001,0.6909,1.339375827255643,1.3393758272556429
2018,Insurance,France,0.9714609855907835,0.9714609855907835,160838.5,168880,0.03,0.03,0.3,0.31,0.009,0.6909,0.012654724084986323,0.012654724084986323
2018,Insurance,Germany,111.26128774658424,150.84,160838.5,168880,0.03,0.03,0.25,0.25,0.0075,0.6909,1.207786449702391,1.637429439861051
2018,Insurance,Italy,28.98033647644401,0.8588756633157039,160838.5,168880,0.03,0.03,0.12,0.115,0.0036,0.6909,0.15100479275611295,0.004475253130607228
2018,Insurance,Netherlands,6475.429247116223,10696.432052578431,160838.5,168880,0.03,0.03,0.06,0.055,0.0018,0.6909,16.870419228266325,27.867387023652014
2018,Insurance,Other (euro area),150.83999999999997,150.83999999999997,160838.5,168880,0.03,0.03,0.06,0.065,0.0018,0.6909,0.3929830655666521,0.3929830655666521
2018,Insurance,Spain,2.10892137439707,2.10892137439707,160838.5,168880,0.03,0.03,0.1,0.09,0.003,0.6909,0.00915727908987004,0.00915727908987004
2018,Other sectors,Belgium,30.932733843180102,42.7,160838.5,168880,0.09,0.08499999999999999,0.05,0.05,0.0045,0.6909,0.20147243058953607,0.27811550151975684
2018,Other sectors,France,6053.72236631919,150.84,160838.5,168880,0.09,0.08499999999999999,0.3,0.31,0.027,0.6909,236.57621058129706,5.894745983499783
2018,Other sectors,Germany,1741.6955601410084,150.84,160838.5,168880,0.09,0.08499999999999999,0.25,0.25,0.0225,0.6909,56.72043726034548,4.912288319583152
2018,Other sectors,Italy,951.3185963963728,150.84,160838.5,168880,0.09,0.08499999999999999,0.12,0.115,0.010799999999999999,0.6909,14.870807412188197,2.357898393399913
2018,Other sectors,Netherlands,21809.94245841895,2774.259943576906,160838.5,168880,0.09,0.08499999999999999,0.06,0.055,0.005399999999999999,0.6909,170.46416163766438,21.683316971074383
2018,Other sectors,Other (euro area),138344.90774625452,150.84000000000003,160838.5,168880,0.09,0.08499999999999999,0.06,0.065,0.005399999999999999,0.6909,1081.2889011865311,1.1789491966999568
2018,Other sectors,Other (non-euro area),38.90393520024736,38.90393520024736,160838.5,168880,0.09,0.08499999999999999,0.03,0.04,0.0026999999999999997,0.6909,0.15203448406523065,0.15203448406523065
2018,Other sectors,Spain,4468.164540471498,3118.1049069373944,160838.5,168880,0.09,0.08499999999999999,0.1,0.09,0.009,0.6909,58.20448815203862,40.61795362923223
2018,Real estate,Belgium,1.0525253883919565,1.0525253883919565,160838.5,168880,0.06,0.07,0.05,0.05,0.003,0.6909,0.004570236163230381,0.004570236163230381
2018,Real estate,France,2397.38426828756,86.6,160838.5,168880,0.06,0.07,0.3,0.31,0.018,0.6909,62.45899092368806,2.2561875814155448
2018,Real estate,Germany,8.816219494261452,0.28467233309483925,160838.5,168880,0.06,0.07,0.25,0.25,0.015,0.6909,0.1914072838528322,0.006180467500973497
2018,Real estate,Italy,86.6,86.6,160838.5,168880,0.06,0.07,0.12,0.115,0.0072,0.6909,0.902475032566218,0.902475032566218
2018,Real estate,Netherlands,86.60000000000001,86.60000000000001,160838.5,168880,0.06,0.07,0.06,0.055,0.0036,0.6909,0.45123751628310904,0.45123751628310904
2018,Real estate,Other (euro area),100.708108742869,86.6,160838.5,168880,0.06,0.07,0.06,0.065,0.0036,0.6909,0.5247491554122571,0.451237516283109
2018,Telecommunication,France,27.637405480989226,29.894043450524908,160838.5,168880,0.09,0.08,0.3,0.31,0.027,0.6909,1.0800549254403085,1.1682431222523846
2018,Telecommunication,Germany,28.920000000000005,28.920000000000005,160838.5,168880,0.09,0.08,0.25,0.25,0.0225,0.6909,0.9418150238818933,0.9418150238818933
2018,Telecommunication,Italy,28.919999999999998,28.919999999999998,160838.5,168880,0.09,0.08,0.12,0.115,0.010799999999999999,0.6909,0.4520712114633087,0.4520712114633087
2018,Telecommunication,Netherlands,4.212834326843905,4.212834326843905,160838.5,168880,0.09,0.08,0.06,0.055,0.005399999999999999,0.6909,0.03292705943690416,0.03292705943690416
2018,Telecommunication,Other (euro area),146.6694256435762,28.920000000000005,160838.5,168880,0.09,0.08,0.06,0.065,0.005399999999999999,0.6909,1.1463524366410645,0.22603560573165438
2018,Telecommunication,Spain,7.034379825209327,7.034379825209327,160838.5,168880,0.09,0.08,0.1,0.09,0.009,0.6909,0.09163325868705159,0.09163325868705159
2018,Utilities,Belgium,2909.17,2909.17,160838.5,168880,0.15,0.17,0.05,0.05,0.0075,0.6909,31.58022145028224,31.58022145028224
2018,Utilities,France,3454.6540524899756,1842.2227538494094,160838.5,168880,0.15,0.17,0.3,0.31,0.045,0.6909,225.01003381393673,119.98845552644872
2018,Utilities,Germany,1369.1517044349614,230.71292794029858,160838.5,168880,0.15,0.17,0.25,0.25,0.0375,0.6909,74.31348808266182,12.522412502187288
2018,Utilities,Italy,534.2670510839789,512.5882702353291,160838.5,168880,0.15,0.17,0.12,0.115,0.018,0.6909,13.919245794632538,13.354449072566108
2018,Utilities,Netherlands,11926.175790570853,2909.17,160838.5,168880,0.15,0.17,0.06,0.055,0.009,0.6909,155.35617616896465,37.89626574033869
2018,Utilities,Other (euro area),2484.3238219702375,2909.17,160838.5,168880,0.15,0.17,0.06,0.065,0.009,0.6909,32.36201244424973,37.89626574033869
2019,Automotive and parts,Germany,10601.77,10601.77,178566.1666666667,187494,0.09,0.11,0.25,0.27,0.0225,0.6805,350.53611315209406,350.53611315209406
2019,Beverages,Belgium,61.3590091702165,61.3590091702165,178566.1666666667,187494,0.05,0.04,0.045,0.045,0.00225,0.6805,0.2028769590492096,0.2028769590492096
2019,Beverages,France,30.740702384941066,30.740702384941063,178566.1666666667,187494,0.05,0.04,0.3,0.315,0.015,0.6805,0.6776054897488846,0.6776054897488846
2019,Beverages,Germany,7.803178838574396,7.803178838574396,178566.1666666667,187494,0.05,0.04,0.25,0.27,0.0125,0.6805,0.1433353938018809,0.1433353938018809
2019,Beverages,Italy,143.18467596547268,143.18467596547268,178566.1666666667,187494,0.05,0.04,0.11,0.1,0.0055000000000000005,0.6805,1.157260422939162,1.157260422939162
2019,Beverages,Netherlands,61.3590091702165,61.3590091702165,178566.1666666667,187494,0.05,0.04,0.06,0.055,0.0029999999999999996,0.6805,0.27050261206561277,0.27050261206561277
2019,Beverages,Spain,42.7,42.7,178566.1666666667,187494,0.05,0.04,0.1,0.08,0.005000000000000001,0.6805,0.31373989713446004,0.31373989713446004
2019,Chemicals,Belgium,1063.9729131279794,1063.9729131279794,178566.1666666667,187494,0.04,0.03,0.045,0.045,0.0018,0.6805,2.814329527744839,2.814329527744839
2019,Chemicals,France,22.663350669177937,22.663350669177937,178566.1666666667,187494,0.04,0.03,0.3,0.315,0.011999999999999999,0.6805,0.3996476238503089,0.3996476238503089
2019,Chemicals,Germany,7961.5013476758895,10601.77,178566.1666666667,187494,0.04,0.03,0.25,0.27,0.01,0.6805,116.99487652719898,155.79382806759736
2019,Construction & Materials,France,234.2807398225088,132.83752489312982,178566.1666666667,187494,0.06,0.05,0.3,0.315,0.018,0.6805,6.196992383255192,3.5137038178932207
2019,Construction & Materials,Germany,86.6271775586314,86.6271775586314,178566.1666666667,187494,0.06,0.05,0.25,0.27,0.015,0.6805,1.9094895861564598,1.9094895861564598
2019,Construction & Materials,Italy,17.85284299239315,17.85284299239315,178566.1666666667,187494,0.06,0.05,0.11,0.1,0.0066,0.6805,0.17315027736927963,0.17315027736927963
2019,Construction & Materials,Other (euro area),53.27,53.27,178566.1666666667,187494,0.06,0.05,0.06,0.07,0.0036,0.6805,0.2818104335047759,0.2818104335047759
2019,Energy and basic resources,Belgium,82.93947983842392,82.93947983842392,178566.1666666667,187494,0.06,0.06,0.045,0.045,0.0026999999999999997,0.6805,0.32907655483283554,0.32907655483283554
2019,Energy and basic resources,France,445.40088159652817,445.40088159652817,178566.1666666667,187494,0.06,0.06,0.3,0.315,0.018,0.6805,11.781360571252765,11.781360571252765
2019,Energy and basic resources,Germany,379.88694380462596,316.8833481848309,178566.1666666667,187494,0.06,0.06,0.25,0.27,0.015,0.6805,8.373701920748552,6.9849378732879694
2019,Energy and basic resources,Italy,533.5005628275999,533.5005628275999,178566.1666666667,187494,0.06,0.06,0.11,0.1,0.0066,0.6805,5.17428907371368,5.17428907371368
2019,Energy and basic resources,Netherlands,140.98168804312957,71.99045678418202,178566.1666666667,187494,0.06,0.06,0.06,0.055,0.0036,0.6805,0.7458252416682828,0.38084591392072775
2019,Energy and basic resources,Other (euro area),511.0460965051305,494.768105748698,178566.1666666667,187494,0.06,0.06,0.06,0.07,0.0036,0.6805,2.7035502533702713,2.6174359745706286
2019,Energy and basic resources,Spain,689.6800000000001,689.6800000000001,178566.1666666667,187494,0.06,0.06,0.1,0.08,0.005999999999999999,0.6805,6.080940484937545,6.080940484937545
2019,Food,France,47.383783462483436,52.35046751807881,178566.1666666667,187494,0.04,0.03,0.3,0.315,0.011999999999999999,0.6805,0.8355700243200604,0.9231529907670032
2019,Food,Germany,17.931266450413545,17.23711674333077,178566.1666666667,187494,0.04,0.03,0.25,0.27,0.01,0.6805,0.26350134387088237,0.2533007603722376
2019,Food,Netherlands,77.85182355400967,30.79973409710193,178566.1666666667,187494,0.04,0.03,0.06,0.055,0.0024,0.6805,0.27456925279885847,0.10862507249528967
2019,Food,Other (non-euro area),418.95858111932677,418.95858111932677,178566.1666666667,187494,0.04,0.03,0.035,0.035,0.0014000000000000004,0.6805,0.861928014058865,0.861928014058865
2019,Infrastructure and transportation,France,2564.133043375648,356.39,178566.1666666667,187494,0.115,0.125,0.3,0.315,0.0345,0.6805,129.9964584812048,18.0682659808964
2019,Infrastructure and transportation,Germany,169.06989658696804,94.70502594757193,178566.1666666667,187494,0.115,0.125,0.25,0.27,0.02875,0.6805,7.142923625092331,4.001130780297859
2019,Infrastructure and transportation,Italy,162.32540477313879,31.91694500878069,178566.1666666667,187494,0.115,0.125,0.11,0.1,0.012650000000000002,0.6805,3.017511198207503,0.5933127911257543
2019,Infrastructure and transportation,Netherlands,230.23872680974898,356.39,178566.1666666667,187494,0.115,0.125,0.06,0.055,0.0069,0.6805,2.3345293387028185,3.6136531961792797
2019,Infrastructure and transportation,Other (euro area),356.39,356.39000000000004,178566.1666666667,187494,0.115,0.125,0.06,0.07,0.0069,0.6805,3.6136531961792797,3.6136531961792806
2019,Infrastructure and transportation,Spain,84.12497809553851,84.1249780955385,178566.1666666667,187494,0.115,0.125,0.1,0.08,0.011500000000000003,0.6805,1.4216564997776535,1.421656499777653
2019,Insurance,France,0.9714609855907835,0.9714609855907835,178566.1666666667,187494,0.03,0.03,0.3,0.315,0.009,0.6805,0.012848124717585672,0.012848124717585672
2019,Insurance,Germany,100.56433848890431,150.84,178566.1666666667,187494,0.03,0.03,0.25,0.27,0.0075,0.6805,1.1083505344111422,1.6624540778839088
2019,Insurance,Italy,0.8588756633157039,0.8588756633157039,178566.1666666667,187494,0.03,0.03,0.11,0.1,0.0033,0.6805,0.004165010564205471,0.004165010564205471
2019,Insurance,Netherlands,6606.726776570901,10696.432052578431,178566.1666666667,187494,0.03,0.03,0.06,0.055,0.0018,0.6805,17.47554474331759,28.29328096200026
2019,Insurance,Other (euro area),150.83999999999997,150.83999999999997,178566.1666666667,187494,0.03,0.03,0.06,0.07,0.0018,0.6805,0.398988978692138,0.398988978692138
2019,Insurance,Spain,2.10892137439707,2.10892137439707,178566.1666666667,187494,0.03,0.03,0.1,0.08,0.0029999999999999996,0.6805,0.009297228689480101,0.009297228689480101
2019,Other sectors,Belgium,29.06491381828805,42.7,178566.1666666667,187494,0.09,0.08,0.045,0.045,0.00405,0.6805,0.17298001611178046,0.2541293166789126
2019,Other sectors,France,6718.694460275355,150.84,178566.1666666667,187494,0.09,0.08,0.3,0.315,0.027,0.6805,266.5756802754366,5.984834680382072
2019,Other sectors,Germany,1509.6670838455846,150.83999999999997,178566.1666666667,187494,0.09,0.08,0.25,0.27,0.0225,0.6805,49.91551709996421,4.987362233651726
2019,Other sectors,Italy,751.3866020962492,150.84,178566.1666666667,187494,0.09,0.08,0.11,0.1,0.009899999999999999,0.6805,10.931267245779377,2.1944393828067597
2019,Other sectors,Netherlands,19487.916052868186,2774.259943576906,178566.1666666667,187494,0.09,0.08,0.06,0.055,0.005399999999999999,0.6805,154.64327213150358,22.014700507443486
2019,Other sectors,Other (euro area),134604.70827849067,150.84000000000003,178566.1666666667,187494,0.09,0.08,0.06,0.07,0.005399999999999999,0.6805,1068.1343493076406,1.1969669360764146
2019,Other sectors,Other (non-euro area),38.90393520024736,38.90393520024736,178566.1666666667,187494,0.09,0.08,0.035,0.035,0.00315,0.6805,0.18008434368960938,0.18008434368960938
2019,Other sectors,Spain,4523.844330286926,2420.2700000000004,178566.1666666667,187494,0.09,0.08,0.1,0.08,0.009,0.6805,59.83041729990057,32.00944893460691
2019,Real estate,Belgium,1.0525253883919565,1.0525253883919565,178566.1666666667,187494,0.06,0.07,0.045,0.045,0.0026999999999999997,0.6805,0.004176074281643324,0.004176074281643324
2019,Real estate,France,2157.9988267982767,86.6,178566.1666666667,187494,0.06,0.07,0.3,0.315,0.018,0.6805,57.081526645656105,2.290668626010286
2019,Real estate,Germany,8.2999271958271,0.28467233309483925,178566.1666666667,187494,0.06,0.07,0.25,0.27,0.015,0.6805,0.18295210571257386,0.0062749228455879335
2019,Real estate,Italy,86.6,86.6,178566.1666666667,187494,0.06,0.07,0.11,0.1,0.0066,0.6805,0.839911829537105,0.839911829537105
2019,Real estate,Netherlands,86.60000000000001,86.60000000000001,178566.1666666667,187494,0.06,0.07,0.06,0.055,0.0036,0.6805,0.45813372520205736,0.45813372520205736
2019,Real estate,Other (euro area),97.68580869631973,86.6,178566.1666666667,187494,0.06,0.07,0.06,0.07,0.0036,0.6805,0.5167801782612065,0.4581337252020573
2019,Telecommunication,France,25.62014933310103,29.894043450524908,178566.1666666667,187494,0.09,0.08,0.3,0.315,0.027,0.6805,1.0165231917615398,1.1860972419752718
2019,Telecommunication,Germany,29.43729296106512,28.920000000000005,178566.1666666667,187494,0.09,0.08,0.25,0.27,0.0225,0.6805,0.9733124050315431,0.9562086700955181
2019,Telecommunication,Italy,28.919999999999998,28.919999999999998,178566.1666666667,187494,0.09,0.08,0.11,0.1,0.009899999999999999,0.6805,0.4207318148420279,0.4207318148420279
2019,Telecommunication,Netherlands,4.212834326843905,4.212834326843905,178566.1666666667,187494,0.09,0.08,0.06,0.055,0.005399999999999999,0.6805,0.033430279742773086,0.033430279742773086
2019,Telecommunication,Other (euro area),149.3172982014893,28.920000000000005,178566.1666666667,187494,0.09,0.08,0.06,0.07,0.005399999999999999,0.6805,1.1848837770581075,0.22949008082292432
2019,Telecommunication,Spain,7.034379825209326,7.034379825209327,178566.1666666667,187494,0.09,0.08,0.1,0.08,0.009,0.6805,0.09303367880511967,0.09303367880511967
2019,Utilities,Belgium,2909.17,2909.17,178566.1666666667,187494,0.15,0.16,0.045,0.045,0.00675,0.6805,28.85657237325496,28.85657237325496
2019,Utilities,France,3541.3426842835793,1842.2227538494094,178566.1666666667,187494,0.15,0.16,0.3,0.315,0.045,0.6805,234.18136780714337,121.8222247218566
2019,Utilities,Germany,1451.9611578717756,186.71994764068228,178566.1666666667,187494,0.15,0.16,0.25,0.27,0.0375,0.6805,80.0125546218833,10.289490134497555
2019,Utilities,Italy,519.0578980615674,512.5882702353291,178566.1666666667,187494,0.15,0.16,0.11,0.1,0.0165,0.6805,12.58553316387342,12.428664891819148
2019,Utilities,Netherlands,11431.746334185873,2909.17,178566.1666666667,187494,0.15,0.16,0.06,0.055,0.009,0.6805,151.19135489738846,38.475429831006615
2019,Utilities,Other (euro area),2548.1261761279043,2909.17,178566.1666666667,187494,0.15,0.16,0.06,0.07,0.009,0.6805,33.700419669582864,38.475429831006615
2020,Automotive and parts,Germany,10601.77,10601.77,221303.0,232368,0.09,0.105,0.235,0.27,0.02115,0.6877,326.05414497600697,326.05414497600697
2020,Beverages,Belgium,61.3590091702165,61.3590091702165,221303.0,232368,0.045,0.04,0.04,0.04,0.0018,0.6877,0.16060232151576226,0.16060232151576226
2020,Beverages,France,30.740702384941063,30.740702384941063,221303.0,232368,0.045,0.04,0.315,0.325,0.014175,0.6877,0.6336330613734762,0.6336330613734762
2020,Beverages,Germany,7.8031788385743965,7.803178838574396,221303.0,232368,0.045,0.04,0.235,0.27,0.010575,0.6877,0.11999217132168713,0.11999217132168712
2020,Beverages,Italy,143.18467596547268,143.18467596547268,221303.0,232368,0.045,0.04,0.105,0.07500000000000001,0.004724999999999999,0.6877,0.9837830361158328,0.9837830361158328
2020,Beverages,Netherlands,61.3590091702165,61.3590091702165,221303.0,232368,0.045,0.04,0.06,0.06,0.0026999999999999993,0.6877,0.24090348227364333,0.24090348227364333
2020,Beverages,Spain,42.7,42.7,221303.0,232368,0.045,0.04,0.095,0.08,0.004275,0.6877,0.265439144976007,0.265439144976007
2020,Chemicals,Belgium,1063.9729131279794,1063.9729131279794,221303.0,232368,0.04,0.03,0.04,0.04,0.0016,0.6877,2.47543501672934,2.47543501672934
2020,Chemicals,France,22.663350669177937,22.663350669177937,221303.0,232368,0.04,0.03,0.315,0.325,0.0126,0.6877,0.4152366125223819,0.4152366125223819
2020,Chemicals,Germany,6759.002753548077,10601.77,221303.0,232368,0.04,0.03,0.235,0.27,0.0094,0.6877,92.38712503032124,144.91295332266978
2020,Construction & Materials,France,233.30988892299717,132.83752489312982,221303.0,232368,0.05,0.05,0.315,0.325,0.01575,0.6877,5.343363022447587,3.0423019006351533
2020,Construction & Materials,Germany,86.6271775586314,86.6271775586314,221303.0,232368,0.05,0.05,0.235,0.27,0.01175,0.6877,1.4801066399795246,1.4801066399795246
2020,Construction & Materials,Italy,17.85284299239315,17.85284299239315,221303.0,232368,0.05,0.05,0.105,0.07500000000000001,0.00525,0.6877,0.13629115269749026,0.13629115269749026
2020,Construction & Materials,Other (euro area),53.27,53.27,221303.0,232368,0.05,0.05,0.06,0.065,0.003,0.6877,0.232383306674422,0.232383306674422
2020,Construction & Materials,Spain,53.269999999999996,53.269999999999996,221303.0,232368,0.05,0.05,0.095,0.08,0.004750000000000001,0.6877,0.36794023556783484,0.36794023556783484
2020,Energy and basic resources,Belgium,82.93947983842394,82.93947983842392,221303.0,232368,0.07,0.07500000000000001,0.04,0.04,0.0028000000000000004,0.6877,0.33769164395461254,0.3376916439546125
2020,Energy and basic resources,France,445.40088159652817,445.40088159652817,221303.0,232368,0.07,0.07500000000000001,0.315,0.325,0.022050000000000004,0.6877,14.281066510401988,14.281066510401988
2020,Energy and basic resources,Germany,370.58455560389376,316.8833481848309,221303.0,232368,0.07,0.07500000000000001,0.235,0.27,0.01645,0.6877,8.864498967113644,7.579949218613448
2020,Energy and basic resources,Italy,533.5005628275999,533.5005628275999,221303.0,232368,0.07,0.07500000000000001,0.105,0.07500000000000001,0.0073500000000000015,0.6877,5.701947268842315,5.701947268842315
2020,Energy and basic resources,Netherlands,127.8364098580499,71.99045678418202,221303.0,232368,0.07,0.07500000000000001,0.06,0.06,0.004200000000000001,0.6877,0.7807371257871305,0.43966834156400253
2020,Energy and basic resources,Other (euro area),1011.5326957175106,494.768105748698,221303.0,232368,0.07,0.07500000000000001,0.06,0.065,0.004200000000000001,0.6877,6.177748032592039,3.0217042956878464
2020,Energy and basic resources,Spain,689.68,689.6800000000001,221303.0,232368,0.07,0.07500000000000001,0.095,0.08,0.00665,0.6877,6.669146430129416,6.669146430129417
2020,Food,France,45.832113123066584,52.35046751807881,221303.0,232368,0.04,0.03,0.315,0.325,0.0126,0.6877,0.8397333508079671,0.9591622665810572
2020,Food,Germany,17.868223937712454,17.23711674333077,221303.0,232368,0.04,0.03,0.235,0.27,0.0094,0.6877,0.24423630218772296,0.23560985515095137
2020,Food,Netherlands,58.34657034489398,17.23711674333077,221303.0,232368,0.04,0.03,0.06,0.06,0.0024,0.6877,0.2036233369605141,0.060155707698115235
2020,Food,Other (non-euro area),418.9585811193267,418.95858111932677,221303.0,232368,0.04,0.03,0.055,0.06,0.0022,0.6877,1.3402775606551096,1.3402775606551096
2020,Infrastructure and transportation,France,2304.237182613387,356.39,221303.0,232368,0.11,0.12,0.315,0.325,0.03465,0.6877,116.0997795223991,17.95683219427076
2020,Infrastructure and transportation,Germany,164.92988294967583,94.70502594757193,221303.0,232368,0.11,0.12,0.235,0.27,0.025849999999999998,0.6877,6.199560090517842,3.559873376101111
2020,Infrastructure and transportation,Italy,163.74210386875504,31.91694500878069,221303.0,232368,0.11,0.12,0.105,0.07500000000000001,0.01155,0.6877,2.750067325409511,0.5360487346974219
2020,Infrastructure and transportation,Netherlands,232.481416110909,356.39,221303.0,232368,0.11,0.12,0.06,0.06,0.0066,0.6877,2.231172526293441,3.420348989384906
2020,Infrastructure and transportation,Other (euro area),356.39,356.39,221303.0,232368,0.11,0.12,0.06,0.065,0.0066,0.6877,3.420348989384906,3.420348989384906
2020,Infrastructure and transportation,Spain,373.5869502355414,84.1249780955385,221303.0,232368,0.11,0.12,0.095,0.08,0.010450000000000001,0.6877,5.676870190433922,1.2783277898769483
2020,Insurance,France,0.9714609855907835,0.9714609855907835,221303.0,232368,0.025,0.025,0.315,0.325,0.007875,0.6877,0.011124407825399769,0.011124407825399769
2020,Insurance,Germany,100.56433848890431,150.84,221303.0,232368,0.025,0.025,0.235,0.27,0.005875,0.6877,0.8591180581973431,1.2886214919296206
2020,Insurance,Italy,0.8588756633157039,0.8588756633157039,221303.0,232368,0.025,0.025,0.105,0.07500000000000001,0.002625,0.6877,0.0032783897283753423,0.0032783897283753423
2020,Insurance,Netherlands,6578.3301972587315,10696.432052578431,221303.0,232368,0.025,0.025,0.06,0.06,0.0015,0.6877,14.348546307820413,23.330882767002542
2020,Insurance,Other (euro area),150.83999999999997,150.83999999999997,221303.0,232368,0.025,0.025,0.06,0.065,0.0015,0.6877,0.32900974262032856,0.32900974262032856
2020,Insurance,Spain,2.10892137439707,2.10892137439707,221303.0,232368,0.025,0.025,0.095,0.08,0.0023750000000000004,0.6877,0.007283245985448657,0.007283245985448657
2020,Other sectors,Belgium,11819.196468631155,42.7,221303.0,232368,0.09,0.09,0.04,0.04,0.0036,0.6877,61.87161158509838,0.22352770103242692
2020,Other sectors,France,6701.298303585094,150.84,221303.0,232368,0.09,0.09,0.315,0.325,0.02835,0.6877,276.2568080654899,6.218284135524212
2020,Other sectors,Germany,1439.6432956975063,150.83999999999997,221303.0,232368,0.09,0.09,0.235,0.27,0.02115,0.6877,44.27578261451542,4.639037370946633
2020,Other sectors,Italy,839.1276621586136,150.84,221303.0,232368,0.09,0.09,0.105,0.07500000000000001,0.009449999999999998,0.6877,11.530836712809215,2.07276137850807
2020,Other sectors,Netherlands,19646.50369264874,1043.3365273723857,221303.0,232368,0.09,0.09,0.06,0.06,0.0053999999999999986,0.6877,154.26947788323858,8.192550891102051
2020,Other sectors,Other (euro area),259247.5409003444,150.84000000000003,221303.0,232368,0.09,0.09,0.06,0.065,0.0053999999999999986,0.6877,2035.6793963383152,1.184435073433183
2020,Other sectors,Other (non-euro area),38.90393520024736,38.90393520024736,221303.0,232368,0.09,0.09,0.055,0.06,0.0049499999999999995,0.6877,0.2800268710792852,0.2800268710792852
2020,Other sectors,Spain,4710.2186022768,2420.2700000000004,221303.0,232368,0.09,0.09,0.095,0.08,0.00855,0.6877,58.560955430371735,30.090604187872625
2020,Real estate,Belgium,1.0525253883919565,1.0525253883919565,221303.0,232368,0.06,0.07500000000000001,0.04,0.04,0.0024,0.6877,0.003673201878930777,0.003673201878930777
2020,Real estate,France,2014.9378469788335,86.6,221303.0,232368,0.06,0.07500000000000001,0.315,0.325,0.018899999999999997,0.6877,55.376363687509006,2.3800203577141192
2020,Real estate,Germany,8.525541251035841,0.24576734025122884,221303.0,232368,0.06,0.07500000000000001,0.235,0.27,0.014099999999999998,0.6877,0.17480024958500123,0.0050389988331282914
2020,Real estate,Italy,86.6,86.6,221303.0,232368,0.06,0.07500000000000001,0.105,0.07500000000000001,0.006299999999999999,0.6877,0.7933401192380396,0.7933401192380396
2020,Real estate,Netherlands,86.60000000000001,86.60000000000001,221303.0,232368,0.06,0.07500000000000001,0.06,0.06,0.0036,0.6877,0.4533372109931657,0.4533372109931657
2020,Real estate,Other (euro area),64.54805472734846,86.6,221303.0,232368,0.06,0.07500000000000001,0.06,0.065,0.0036,0.6877,0.3378987887428449,0.4533372109931656
2020,Real estate,Spain,0.6527201832023272,0.6527201832023272,221303.0,232368,0.06,0.07500000000000001,0.095,0.08,0.0057,0.6877,0.005410069862226647,0.005410069862226647
2020,Telecommunication,France,24.607273848374977,29.894043450524908,221303.0,232368,0.08499999999999999,0.065,0.315,0.325,0.026774999999999993,0.6877,0.9580627559840625,1.1638985217213964
2020,Telecommunication,Germany,31.733585568047488,28.920000000000005,221303.0,232368,0.08499999999999999,0.065,0.235,0.27,0.019974999999999996,0.6877,0.9217367627188432,0.840013087101934
2020,Telecommunication,Italy,71.29584988035569,28.919999999999998,221303.0,232368,0.08499999999999999,0.065,0.105,0.07500000000000001,0.008924999999999999,0.6877,0.9252805877303686,0.3753249963646939
2020,Telecommunication,Netherlands,4.212834326843905,4.212834326843905,221303.0,232368,0.08499999999999999,0.065,0.06,0.06,0.0050999999999999995,0.6877,0.031242482284286627,0.031242482284286627
2020,Telecommunication,Other (euro area),139.33036559225263,28.920000000000005,221303.0,232368,0.08499999999999999,0.065,0.06,0.065,0.0050999999999999995,0.6877,1.0332773949694467,0.21447142649411083
2020,Telecommunication,Spain,7.034379825209327,7.034379825209327,221303.0,232368,0.08499999999999999,0.065,0.095,0.08,0.008074999999999999,0.6877,0.08259795999500553,0.08259795999500553
2020,Utilities,Belgium,2909.17,2909.17,221303.0,232368,0.155,0.16,0.04,0.04,0.0062,0.6877,26.227794096262905,26.227794096262905
2020,Utilities,France,3575.172239336338,1842.2227538494094,221303.0,232368,0.155,0.16,0.315,0.325,0.048825,0.6877,253.82839113799142,130.79326153365918
2020,Utilities,Germany,518.9741258862776,186.71994764068228,221303.0,232368,0.155,0.16,0.235,0.27,0.036425,0.6877,27.488196212603846,9.889885259287265
2020,Utilities,Italy,512.1832054150544,512.5882702353291,221303.0,232368,0.155,0.16,0.105,0.07500000000000001,0.016274999999999998,0.6877,12.12124715447144,12.130833354776762
2020,Utilities,Netherlands,10470.116044820696,2909.17,221303.0,232368,0.155,0.16,0.06,0.06,0.0093,0.6877,141.59092513717096,39.34169114439435
2020,Utilities,Other (euro area),2720.250176108746,2909.17,221303.0,232368,0.155,0.16,0.06,0.065,0.0093,0.6877,36.78686438535893,39.34169114439435
2020,Utilities,Spain,13.884725919918191,13.884725919918191,221303.0,232368,0.155,0.16,0.095,0.08,0.014725,0.6877,0.29729909723832393,0.29729909723832393
2021,Automotive and parts,Germany,10601.77,10601.77,283620.4166666667,297801,0.09,0.095,0.23,0.245,0.0207,0.6654,329.81160054102793,329.81160054102793
2021,Beverages,France,30.740702384941063,30.740702384941063,283620.4166666667,297801,0.04,0.035,0.31,0.295,0.0124,0.6654,0.5728655088266744,0.5728655088266744
2021,Beverages,Germany,7.803178838574395,7.803178838574396,283620.4166666667,297801,0.04,0.035,0.23,0.245,0.0092,0.6654,0.10788885680024711,0.10788885680024712
2021,Beverages,Italy,143.18467596547268,143.18467596547268,283620.4166666667,297801,0.04,0.035,0.095,0.07500000000000001,0.0038,0.6654,0.8177062949636252,0.8177062949636252
2021,Beverages,Netherlands,61.3590091702165,61.3590091702165,283620.4166666667,297801,0.04,0.035,0.06,0.07,0.0024,0.6654,0.2213129275751722,0.2213129275751722
2021,Beverages,Spain,42.7,42.7,283620.4166666667,297801,0.04,0.035,0.095,0.08,0.0038,0.6654,0.24385332131048995,0.24385332131048995
2021,Chemicals,Belgium,1063.9729131279794,1063.9729131279794,283620.4166666667,297801,0.035,0.03,0.03,0.03,0.0010500000000000002,0.6654,1.6789473381189939,1.6789473381189939
2021,Chemicals,France,22.663350669177937,22.663350669177937,283620.4166666667,297801,0.035,0.03,0.31,0.295,0.01085,0.6654,0.3695481736708456,0.3695481736708456
2021,Chemicals,Germany,4753.664740158295,40.695390703555056,283620.4166666667,297801,0.035,0.03,0.23,0.245,0.008050000000000002,0.6654,57.50977030098329,0.4923322740661531
2021,Construction & Materials,France,208.602843595374,132.83752489312982,283620.4166666667,297801,0.055,0.055,0.31,0.295,0.01705,0.6654,5.345173554705631,3.403786894240853
2021,Construction & Materials,Germany,86.6271775586314,86.6271775586314,283620.4166666667,297801,0.055,0.055,0.23,0.245,0.01265,0.6654,1.646879765729918,1.646879765729918
2021,Construction & Materials,Italy,17.85284299239315,17.85284299239315,283620.4166666667,297801,0.055,0.055,0.095,0.07500000000000001,0.0052250000000000005,0.6654,0.140188014179823,0.140188014179823
2021,Construction & Materials,Other (euro area),53.27,53.27,283620.4166666667,297801,0.055,0.055,0.06,0.07500000000000001,0.0033,0.6654,0.26418845807033364,0.26418845807033364
2021,Construction & Materials,Spain,53.27,53.269999999999996,283620.4166666667,297801,0.055,0.055,0.095,0.08,0.0052250000000000005,0.6654,0.418298391944695,0.4182983919446949
2021,Energy and basic resources,Belgium,82.93947983842392,82.93947983842392,283620.4166666667,297801,0.07500000000000001,0.07500000000000001,0.03,0.03,0.0022500000000000003,0.6654,0.28045360630666344,0.28045360630666344
2021,Energy and basic resources,France,445.4008815965282,445.40088159652817,283620.4166666667,297801,0.07500000000000001,0.07500000000000001,0.31,0.295,0.023250000000000003,0.6654,15.56292530375606,15.562925303756058
2021,Energy and basic resources,Germany,367.4404320693222,316.8833481848309,283620.4166666667,297801,0.07500000000000001,0.07500000000000001,0.23,0.245,0.017250000000000005,0.6654,9.525619857523008,8.214965067911534
2021,Energy and basic resources,Italy,533.5005628275999,533.5005628275999,283620.4166666667,297801,0.07500000000000001,0.07500000000000001,0.095,0.07500000000000001,0.007125000000000001,0.6654,5.712641283658926,5.712641283658926
2021,Energy and basic resources,Netherlands,102.52529411708069,71.99045678418202,283620.4166666667,297801,0.07500000000000001,0.07500000000000001,0.06,0.07,0.0045000000000000005,0.6654,0.6933631252282284,0.48686061846831846
2021,Energy and basic resources,Other (euro area),979.5980183194553,494.768105748698,283620.4166666667,297801,0.07500000000000001,0.07500000000000001,0.06,0.07500000000000001,0.0045000000000000005,0.6654,6.624873884035993,3.3460421939722593
2021,Energy and basic resources,Spain,689.68,689.6800000000001,283620.4166666667,297801,0.07500000000000001,0.07500000000000001,0.095,0.08,0.007125000000000001,0.6654,7.384986474301174,7.384986474301174
2021,Food,France,44.6157636670272,52.35046751807881,283620.4166666667,297801,0.04,0.03,0.31,0.295,0.0124,0.6654,0.8314329267675644,0.975572283174297
2021,Food,Germany,17.741660524427658,17.23711674333077,283620.4166666667,297801,0.04,0.03,0.23,0.245,0.0092,0.6654,0.24530098711261564,0.23832502861232807
2021,Food,Netherlands,55.00991584999053,17.23711674333077,283620.4166666667,297801,0.04,0.03,0.06,0.07,0.0024,0.6654,0.19841268115415878,0.062171746594520357
2021,Food,Other (non-euro area),418.9585811193267,418.95858111932677,283620.4166666667,297801,0.04,0.03,0.08,0.095,0.0032,0.6654,2.0148293651665847,2.014829365166585
2021,Infrastructure and transportation,France,4032.537639807556,356.39,283620.4166666667,297801,0.11,0.12,0.31,0.295,0.0341,0.6654,206.6569484782652,18.264050195371205
2021,Infrastructure and transportation,Germany,184.7033706516297,94.70502594757193,283620.4166666667,297801,0.11,0.12,0.23,0.245,0.0253,0.6654,7.022836305209245,3.6008974398460625
2021,Infrastructure and transportation,Italy,168.10750523896542,31.91694500878069,283620.4166666667,297801,0.11,0.12,0.095,0.07500000000000001,0.010450000000000001,0.6654,2.64010133716139,0.5012504889416264
2021,Infrastructure and transportation,Netherlands,278.0403099530338,356.39,283620.4166666667,297801,0.11,0.12,0.06,0.07,0.0066,0.6654,2.757838962563906,3.53497745716862
2021,Infrastructure and transportation,Other (euro area),356.39,356.39,283620.4166666667,297801,0.11,0.12,0.06,0.07500000000000001,0.0066,0.6654,3.53497745716862,3.53497745716862
2021,Infrastructure and transportation,Spain,337.404203718041,84.1249780955385,283620.4166666667,297801,0.11,0.12,0.095,0.08,0.010450000000000001,0.6654,5.29887876292986,1.3211692532287005
2021,Insurance,France,55.298806378314126,0.9714609855907835,283620.4166666667,297801,0.02,0.02,0.31,0.295,0.0062,0.6654,0.5152578893080066,0.009051785558555542
2021,Insurance,Germany,100.56433848890431,150.84,283620.4166666667,297801,0.02,0.02,0.23,0.245,0.0046,0.6654,0.6952148437766154,1.0427772768259693
2021,Insurance,Italy,112.20849827691465,150.84,283620.4166666667,297801,0.02,0.02,0.095,0.07500000000000001,0.0019,0.6654,0.32040298576215487,0.4307123534715961
2021,Insurance,Netherlands,6602.130786390272,10696.432052578431,283620.4166666667,297801,0.02,0.02,0.06,0.07,0.0012,0.6654,11.906457685104186,19.290229129988152
2021,Insurance,Other (euro area),150.83999999999997,150.83999999999997,283620.4166666667,297801,0.02,0.02,0.06,0.07500000000000001,0.0012,0.6654,0.27202885482416583,0.27202885482416583
2021,Insurance,Spain,2.10892137439707,2.10892137439707,283620.4166666667,297801,0.02,0.02,0.095,0.08,0.0019,0.6654,0.006021867465215559,0.006021867465215559
2021,Other sectors,Belgium,15284.63195663957,10601.77,283620.4166666667,297801,0.09,0.095,0.03,0.03,0.0026999999999999997,0.6654,62.0205985616574,43.018904418394946
2021,Other sectors,France,6386.4066118263045,139.54105763258897,283620.4166666667,297801,0.09,0.095,0.31,0.295,0.0279,0.6654,267.77989851210384,5.850909990906572
2021,Other sectors,Germany,1350.0017112803478,77.90212500568116,283620.4166666667,297801,0.09,0.095,0.23,0.245,0.0207,0.6654,41.99734809663841,2.4234655660018034
2021,Other sectors,Italy,817.841256683701,150.84,283620.4166666667,297801,0.09,0.095,0.095,0.07500000000000001,0.00855,0.6654,10.508780800489395,1.9382055906221822
2021,Other sectors,Netherlands,18199.84771951505,1043.3365273723857,283620.4166666667,297801,0.09,0.095,0.06,0.07,0.005399999999999999,0.6654,147.69939537929255,8.467113387151912
2021,Other sectors,Other (euro area),338905.77111048246,150.84000000000003,283620.4166666667,297801,0.09,0.095,0.06,0.07500000000000001,0.005399999999999999,0.6654,2750.362434620687,1.2241298467087467
2021,Other sectors,Other (non-euro area),38.90393520024736,38.90393520024736,283620.4166666667,297801,0.09,0.095,0.08,0.095,0.0072,0.6654,0.4209623285869868,0.4209623285869868
2021,Other sectors,Spain,5076.23602403347,2420.2700000000004,283620.4166666667,297801,0.09,0.095,0.095,0.08,0.00855,0.6654,65.22665765777904,31.099050946798926
2021,Real estate,Belgium,86.60000000000001,86.60000000000001,283620.4166666667,297801,0.065,0.08499999999999999,0.03,0.03,0.00195,0.6654,0.25378719567177643,0.25378719567177643
2021,Real estate,France,2286.2667965521428,86.6,283620.4166666667,297801,0.065,0.08499999999999999,0.31,0.295,0.02015,0.6654,69.23395844683752,2.622467688608356
2021,Real estate,Germany,11.170219387007135,10.826890095353841,283620.4166666667,297801,0.065,0.08499999999999999,0.23,0.245,0.014950000000000001,0.6654,0.2509690108742962,0.24325519525930256
2021,Real estate,Italy,86.6,86.6,283620.4166666667,297801,0.065,0.08499999999999999,0.095,0.07500000000000001,0.006175,0.6654,0.8036594529606251,0.8036594529606251
2021,Real estate,Netherlands,83.05920047174551,86.60000000000001,283620.4166666667,297801,0.065,0.08499999999999999,0.06,0.07,0.0039,0.6654,0.48682128319778706,0.5075743913435529
2021,Real estate,Other (euro area),59.177221117328166,86.6,283620.4166666667,297801,0.065,0.08499999999999999,0.06,0.07500000000000001,0.0039,0.6654,0.346845750462248,0.5075743913435528
2021,Real estate,Spain,23.821117351208652,0.6527201832023272,283620.4166666667,297801,0.065,0.08499999999999999,0.095,0.08,0.006175,0.6654,0.22106311939241574,0.006057329623195627
2021,Telecommunication,Belgium,19.354316480209192,19.354316480209192,283620.4166666667,297801,0.08,0.06,0.03,0.03,0.0024,0.6654,0.06980817486098896,0.06980817486098896
2021,Telecommunication,France,23.821331105793938,29.894043450524908,283620.4166666667,297801,0.08,0.06,0.31,0.295,0.0248,0.6654,0.8878404139219862,1.1141753495236215
2021,Telecommunication,Germany,32.21139776363131,28.92,283620.4166666667,297801,0.08,0.06,0.23,0.245,0.0184,0.6654,0.8907269594992728,0.7997114517583409
2021,Telecommunication,Italy,108.61676432524808,138.06991635849195,283620.4166666667,297801,0.08,0.06,0.095,0.07500000000000001,0.0076,0.6654,1.2405882309466267,1.5769933338210682
2021,Telecommunication,Netherlands,4.212834326843905,4.212834326843905,283620.4166666667,297801,0.08,0.06,0.06,0.07,0.0048,0.6654,0.030390148435303188,0.030390148435303188
2021,Telecommunication,Other (euro area),141.78227472519873,28.920000000000005,283620.4166666667,297801,0.08,0.06,0.06,0.07500000000000001,0.0048,0.6654,1.0227756517597744,0.2086203787195672
2021,Telecommunication,Spain,7.034379825209327,7.034379825209327,283620.4166666667,297801,0.08,0.06,0.095,0.08,0.0076,0.6654,0.0803445847183512,0.0803445847183512
2021,Utilities,Belgium,2909.17,2909.17,283620.4166666667,297801,0.15,0.145,0.03,0.03,0.0045,0.6654,19.674278629395854,19.674278629395854
2021,Utilities,France,3768.6452774180275,1842.2227538494094,283620.4166666667,297801,0.15,0.145,0.31,0.295,0.0465,0.6654,263.363398557166,128.73964240155928
2021,Utilities,Germany,564.5402797102332,186.71994764068228,283620.4166666667,297801,0.15,0.145,0.23,0.245,0.0345,0.6654,29.27057356477765,9.681151478213915
2021,Utilities,Italy,496.9628965616727,292.38695981469095,283620.4166666667,297801,0.15,0.145,0.095,0.07500000000000001,0.014249999999999999,0.6654,10.642803240162062,6.261668436067548
2021,Utilities,Netherlands,9194.953245748316,2909.17,283620.4166666667,297801,0.15,0.145,0.06,0.07,0.009,0.6654,124.3681683374434,39.34855725879171
2021,Utilities,Other (euro area),2606.5520063467116,2909.17,283620.4166666667,297801,0.15,0.145,0.06,0.07500000000000001,0.009,0.6654,35.25543741677247,39.34855725879171
2021,Utilities,Spain,1432.5745102191584,13.884725919918191,283620.4166666667,297801,0.15,0.145,0.095,0.08,0.014249999999999999,0.6654,30.679571341483324,0.29735098340672406
2022,Automotive and parts,Germany,10601.77,10601.77,319782.0,335771,0.09,0.09,0.23,0.24,0.0207,0.6613,331.85640254045063,331.85640254045063
2022,Beverages,France,30.740702384941063,30.740702384941063,319782.0,335771,0.04,0.04,0.3,0.27,0.012,0.6613,0.5578231190371885,0.5578231190371885
2022,Beverages,Germany,7.803178838574396,7.803178838574396,319782.0,335771,0.04,0.04,0.23,0.24,0.0092,0.6613,0.10855775792361173,0.10855775792361173
2022,Beverages,Italy,143.18467596547268,143.18467596547268,319782.0,335771,0.04,0.04,0.09,0.07,0.0036,0.6613,0.7794719998120393,0.7794719998120393
2022,Beverages,Netherlands,61.35900917021651,61.3590091702165,319782.0,335771,0.04,0.04,0.07,0.08,0.0028000000000000004,0.6613,0.2597992222540545,0.2597992222540545
2022,Beverages,Spain,42.7,42.7,319782.0,335771,0.04,0.04,0.09,0.07,0.0036,0.6613,0.23245123242098895,0.23245123242098895
2022,Chemicals,Belgium,1063.9729131279794,1063.9729131279794,319782.0,335771,0.03,0.03,0.03,0.03,0.0009,0.6613,1.4480199936718303,1.4480199936718303
2022,Chemicals,France,22.663350669177937,22.663350669177937,319782.0,335771,0.03,0.03,0.3,0.27,0.009,0.6613,0.3084381612318183,0.3084381612318183
2022,Chemicals,Germany,4102.647163509881,40.695390703555056,319782.0,335771,0.03,0.03,0.23,0.24,0.0069,0.6613,42.806994447630686,0.4246154481393163
2022,Construction & Materials,France,201.7888127481443,132.83752489312982,319782.0,335771,0.06,0.05,0.3,0.27,0.018,0.6613,5.49251267120308,3.615719715826912
2022,Construction & Materials,Germany,86.6271775586314,86.6271775586314,319782.0,335771,0.06,0.05,0.23,0.24,0.0138,0.6613,1.807734840933182,1.807734840933182
2022,Construction & Materials,Italy,17.85284299239315,17.85284299239315,319782.0,335771,0.06,0.05,0.09,0.07,0.005399999999999999,0.6613,0.14578156987588536,0.14578156987588536
2022,Construction & Materials,Other (euro area),53.27,53.27,319782.0,335771,0.06,0.05,0.06,0.08,0.0036,0.6613,0.28999243913503703,0.28999243913503703
2022,Construction & Materials,Spain,53.269999999999996,53.269999999999996,319782.0,335771,0.06,0.05,0.09,0.07,0.005399999999999999,0.6613,0.43498865870255554,0.43498865870255554
2022,Energy and basic resources,Belgium,82.93947983842392,82.93947983842392,319782.0,335771,0.07,0.07,0.03,0.03,0.0021000000000000003,0.6613,0.2633795670054291,0.2633795670054291
2022,Energy and basic resources,France,445.40088159652817,445.40088159652817,319782.0,335771,0.07,0.07,0.3,0.27,0.021,0.6613,14.143986864550268,14.143986864550268
2022,Energy and basic resources,Germany,367.77087052608357,316.8833481848309,319782.0,335771,0.07,0.07,0.23,0.24,0.016100000000000003,0.6613,8.95374416372289,7.714837298919973
2022,Energy and basic resources,Italy,533.5005628275999,533.5005628275999,319782.0,335771,0.07,0.07,0.09,0.07,0.0063,0.6613,5.082494398629788,5.082494398629788
2022,Energy and basic resources,Netherlands,104.02209986869339,71.99045678418202,319782.0,335771,0.07,0.07,0.07,0.08,0.004900000000000001,0.6613,0.7707671092644754,0.5334239199190866
2022,Energy and basic resources,Other (euro area),1001.9661803757763,494.768105748698,319782.0,335771,0.07,0.07,0.06,0.08,0.004200000000000001,0.6613,6.363614029303283,3.1423348618547284
2022,Energy and basic resources,Spain,689.6800000000001,689.6800000000001,319782.0,335771,0.07,0.07,0.09,0.07,0.0063,0.6613,6.570367458037199,6.570367458037199
2022,Food,France,44.893808576705524,52.35046751807881,319782.0,335771,0.04,0.03,0.3,0.27,0.012,0.6613,0.8146464583705826,0.9499555575638073
2022,Food,Germany,17.871625157542287,17.23711674333077,319782.0,335771,0.04,0.03,0.23,0.24,0.0092,0.6613,0.24862989785179046,0.2398026221664042
2022,Food,Netherlands,54.93871028276683,17.23711674333077,319782.0,335771,0.04,0.03,0.07,0.08,0.0028000000000000004,0.6613,0.23261513502456851,0.07298340674629694
2022,Food,Other (non-euro area),418.95858111932677,418.95858111932677,319782.0,335771,0.04,0.03,0.1,0.12,0.004,0.6613,2.534151405530481,2.534151405530481
2022,Infrastructure and transportation,France,4936.817197767028,356.39,319782.0,335771,0.11,0.12,0.3,0.27,0.033,0.6613,246.3556139820232,17.784469983366098
2022,Infrastructure and transportation,Germany,184.7033706516297,94.70502594757193,319782.0,335771,0.11,0.12,0.23,0.24,0.025299999999999996,0.6613,7.066377253116937,3.6232226772623157
2022,Infrastructure and transportation,Italy,194.28526862070055,356.39,319782.0,335771,0.11,0.12,0.09,0.07,0.009899999999999999,0.6613,2.9085500670572135,5.335340995009829
2022,Infrastructure and transportation,Netherlands,283.5025977122994,356.39,319782.0,335771,0.11,0.12,0.07,0.08,0.0077,0.6613,3.3010282812410487,4.149709662785423
2022,Infrastructure and transportation,Other (euro area),356.39,356.39,319782.0,335771,0.11,0.12,0.06,0.08,0.0066,0.6613,3.556893996673219,3.556893996673219
2022,Infrastructure and transportation,Spain,337.404203718041,84.1249780955385,319782.0,335771,0.11,0.12,0.09,0.07,0.009899999999999999,0.6613,5.051113892043862,1.2593940467954499
2022,Insurance,France,75.9057304927954,75.9057304927954,319782.0,335771,0.02,0.02,0.3,0.27,0.006,0.6613,0.6886955738042831,0.6886955738042831
2022,Insurance,Germany,100.56433848890431,150.84,319782.0,335771,0.02,0.02,0.23,0.24,0.0046,0.6613,0.6995251127309237,1.0492424013307122
2022,Insurance,Italy,125.84314594388594,150.84,319782.0,335771,0.02,0.02,0.09,0.07,0.0018,0.6613,0.34253389187811084,0.4105731135641917
2022,Insurance,Netherlands,5834.544661520528,10696.432052578431,319782.0,335771,0.02,0.02,0.07,0.08,0.0014000000000000002,0.6613,12.351977205698988,22.644797933781653
2022,Insurance,Other (euro area),150.84,150.83999999999997,319782.0,335771,0.02,0.02,0.06,0.08,0.0012,0.6613,0.27371540904279446,0.2737154090427944
2022,Insurance,Spain,2.10892137439707,2.10892137439707,319782.0,335771,0.02,0.02,0.09,0.07,0.0018,0.6613,0.005740297102547596,0.005740297102547596
2022,Other sectors,Belgium,13951.9571910702,8184.218333333333,319782.0,335771,0.09,0.1,0.03,0.03,0.0026999999999999997,0.6613,56.96398671690539,33.41507560864963
2022,Other sectors,France,6032.760213149249,139.54105763258897,319782.0,335771,0.09,0.1,0.3,0.27,0.026999999999999996,0.6613,246.30958075764357,5.697275905156362
2022,Other sectors,Germany,1199.1270320840283,77.90212500568116,319782.0,335771,0.09,0.1,0.23,0.24,0.0207,0.6613,37.5350515108716,2.4384908326290637
2022,Other sectors,Italy,920.7286129692463,150.84,319782.0,335771,0.09,0.1,0.09,0.07,0.0081,0.6613,11.277637630501882,1.8475790110388626
2022,Other sectors,Netherlands,17499.487671145387,992.6667670531547,319782.0,335771,0.09,0.1,0.07,0.08,0.0063,0.6613,166.71219163498554,9.456828417412481
2022,Other sectors,Other (euro area),351172.76690576004,150.84000000000003,319782.0,335771,0.09,0.1,0.06,0.08,0.005399999999999999,0.6613,2867.583458779834,1.2317193406925753
2022,Other sectors,Other (non-euro area),38.90393520024736,38.90393520024736,319782.0,335771,0.09,0.1,0.1,0.12,0.009,0.6613,0.5294653210376927,0.5294653210376927
2022,Other sectors,Spain,5019.130812888332,1285.5550000000003,319782.0,335771,0.09,0.1,0.09,0.07,0.0081,0.6613,61.47733189837515,15.746250567064873
2022,Real estate,Belgium,69.49050507767839,86.60000000000001,319782.0,335771,0.08,0.1,0.03,0.03,0.0024,0.6613,0.2521959960478272,0.3142900347799788
2022,Real estate,France,2201.997831968246,86.6,319782.0,335771,0.08,0.1,0.3,0.27,0.024,0.6613,79.91523962987736,3.142900347799788
2022,Real estate,Germany,9.668655778224432,10.826890095353841,319782.0,335771,0.08,0.1,0.23,0.24,0.0184,0.6613,0.269020514621699,0.30124720664526033
2022,Real estate,Italy,86.6,86.6,319782.0,335771,0.08,0.1,0.09,0.07,0.0072,0.6613,0.9428701043399365,0.9428701043399365
2022,Real estate,Netherlands,86.60000000000001,86.60000000000001,319782.0,335771,0.08,0.1,0.07,0.08,0.005600000000000001,0.6613,0.7333434144866174,0.7333434144866174
2022,Real estate,Other (euro area),59.88295439739693,86.6,319782.0,335771,0.08,0.1,0.06,0.08,0.0048,0.6613,0.4346562545100639,0.6285800695599576
2022,Real estate,Spain,43.62636009160116,43.626360091601164,319782.0,335771,0.08,0.1,0.09,0.07,0.0072,0.6613,0.474988345167894,0.4749883451678941
2022,Telecommunication,Belgium,19.354316480209192,19.354316480209192,319782.0,335771,0.07,0.06,0.03,0.03,0.0021000000000000003,0.6613,0.06146085680997929,0.06146085680997929
2022,Telecommunication,France,23.95464214400613,29.894043450524908,319782.0,335771,0.07,0.06,0.3,0.27,0.021,0.6613,0.7606948208439872,0.9493042680493318
2022,Telecommunication,Germany,32.25348724909974,28.92,319782.0,335771,0.07,0.06,0.23,0.24,0.016100000000000003,0.6613,0.7852429225926295,0.7040858914259793
2022,Telecommunication,Italy,110.78243726886896,138.06991635849195,319782.0,335771,0.07,0.06,0.09,0.07,0.0063,0.6613,1.0553899210553068,1.3153492712210786
2022,Telecommunication,Netherlands,4.212834326843905,4.212834326843905,319782.0,335771,0.07,0.06,0.07,0.08,0.004900000000000001,0.6613,0.031215618027423463,0.031215618027423463
2022,Telecommunication,Other (euro area),145.61870327590302,28.920000000000005,319782.0,335771,0.07,0.06,0.06,0.08,0.004200000000000001,0.6613,0.9248428153013651,0.18367458037199463
2022,Telecommunication,Spain,7.034379825209327,7.034379825209327,319782.0,335771,0.07,0.06,0.09,0.07,0.0063,0.6613,0.06701435490521512,0.06701435490521512
2022,Utilities,Belgium,2909.17,2909.17,319782.0,335771,0.15,0.15,0.03,0.03,0.0045,0.6613,19.79625737184334,19.79625737184334
2022,Utilities,France,3846.9068471930723,1842.2227538494094,319782.0,335771,0.15,0.15,0.3,0.27,0.045,0.6613,261.77348877013196,125.35917726179255
2022,Utilities,Germany,765.9646396320265,186.71994764068228,319782.0,335771,0.15,0.15,0.23,0.24,0.0345,0.6613,39.96035092591096,9.741173739004294
2022,Utilities,Italy,500.13110941650774,512.5882702353291,319782.0,335771,0.15,0.15,0.09,0.07,0.013499999999999998,0.6613,10.20984421158756,10.464148870674341
2022,Utilities,Netherlands,8688.335125812926,2909.17,319782.0,335771,0.15,0.15,0.07,0.08,0.0105,0.6613,137.9517901421983,46.19126720096779
2022,Utilities,Other (euro area),2570.5939472106493,2909.17,319782.0,335771,0.15,0.15,0.06,0.08,0.009,0.6613,34.98464467699356,39.59251474368668
2022,Utilities,Spain,1461.5273629599592,1461.5273629599592,319782.0,335771,0.15,0.15,0.09,0.07,0.013499999999999998,0.6613,29.83610978369794,29.83610978369794
